sal,grade,patco,major,age,male,vet,handvet,hand,yos,edyrs,promo,exit,supmgr,race,minority,grade4
26045,7,2,LIT,52,0,0,0,1,6,16,1,0,0,1,1,2
37651,9,1,HEALT,34,0,0,0,0,4,16,0,0,0,1,1,3
64926,14,1,ENGR,37,0,0,0,0,3,16,0,0,0,1,1,4
18588,4,4,,26,0,0,0,0,6,12,0,0,0,1,1,1
19573,3,4,,51,0,0,0,0,14,12,,1,0,1,1,1
28648,9,1,HEALT,44,0,0,0,0,1,16,0,0,0,1,1,3
27805,7,3,,50,0,0,0,0,7,14,0,0,0,1,1,2
16560,3,4,,37,0,0,0,0,5,12,0,0,0,1,1,1
40440,11,2,,59,0,1,0,0,13,12,0,0,0,1,1,3
24285,6,4,BUSAD,57,0,0,0,0,6,14,0,0,0,1,1,2
43402,12,2,SOC,36,0,0,0,0,5,16,0,0,0,1,1,3
,12,1,ARCHI,53,0,0,0,0,5,16,0,0,0,1,1,3
38421,11,2,,47,0,0,0,0,10,14,0,0,0,1,1,3
34683,10,1,,59,0,0,0,0,3,15,0,0,0,1,1,3
22134,4,4,,42,0,0,0,0,14,12,0,0,0,1,1,1
38107,11,1,ENGR,27,0,0,0,0,3,16,0,0,0,1,1,3
26572,6,3,,55,0,0,0,0,21,12,0,0,1,1,1,2
34744,11,1,BUSAD,40,0,0,0,0,10,14,1,0,0,1,1,3
37524,11,1,BUSAD,30,1,0,0,0,5,16,,1,0,1,1,3
90252,15,1,PHYSI,59,1,0,0,0,10,20,0,0,1,1,1,4
42591,11,1,ENGR,28,1,0,0,0,5,16,0,0,0,1,1,3
36214,11,2,COMPU,29,1,0,0,0,4,16,1,0,0,1,1,3
54004,12,1,HEALT,57,1,0,0,0,27,18,0,0,1,1,1,3
67274,14,1,ENGR,40,1,0,0,0,10,16,0,0,0,1,1,4
42984,12,1,SOC,45,1,1,0,0,10,16,0,0,0,1,1,3
34744,11,2,,39,1,1,0,0,14,10,0,0,0,1,1,3
20215,4,4,,37,1,0,0,1,13,12,1,0,0,1,1,1
61767,14,1,ENGR,37,1,0,0,0,11,18,0,0,1,1,1,4
50691,13,1,BUSAD,41,1,0,0,0,12,18,0,0,1,1,1,4
37257,11,2,,48,1,1,0,0,6,12,0,0,0,1,1,3
35087,10,3,,29,1,0,0,0,8,12,1,0,0,1,1,3
39719,11,2,BUSAD,48,0,0,0,0,24,14,0,0,1,2,1,3
22617,5,4,,47,0,0,0,0,8,12,1,0,0,2,1,2
34375,9,1,HEALT,48,0,0,0,0,13,16,0,0,0,2,1,3
23946,5,4,BUSAD,46,0,0,0,0,14,13,0,0,0,2,1,2
24529,6,3,,39,0,0,0,0,3,13,0,0,0,2,1,2
22617,5,4,EDUC,33,0,0,0,0,3,14,1,0,0,2,1,2
36085,11,2,,35,0,0,0,0,10,12,0,0,0,2,1,3
21307,4,4,,45,0,0,0,0,8,13,0,0,0,2,1,1
51612,13,1,LAW,29,0,0,0,0,4,18,0,0,0,2,1,4
54340,13,1,PSYCH,43,0,1,1,1,6,20,,1,0,2,1,4
23839,5,3,,43,0,1,0,0,18,12,0,0,0,2,1,2
24529,6,3,,26,0,0,0,0,4,13,0,0,0,2,1,2
21787,5,4,BUSAD,27,0,0,0,0,8,13,0,0,0,2,1,2
60378,13,2,,47,0,0,0,0,21,13,0,0,1,2,1,4
51612,13,2,BUSAD,44,0,0,0,0,23,16,0,0,0,2,1,4
23848,6,4,,27,0,1,0,0,5,12,0,0,0,2,1,2
18738,4,4,,32,0,0,0,0,6,13,0,0,0,2,1,1
76733,14,1,LANG,53,0,0,0,0,28,18,0,0,1,2,1,4
18905,3,4,,39,0,0,0,0,15,12,0,0,0,2,1,1
21174,5,3,,58,0,0,0,0,7,10,0,0,0,2,1,2
59934,13,1,,49,0,0,0,0,29,14,0,0,0,2,1,4
36013,9,2,BUSAD,59,0,1,0,0,26,16,,1,0,2,1,3
25031,6,3,,40,0,0,0,0,22,12,0,0,0,2,1,2
18577,4,4,,22,0,0,0,0,1,12,1,0,0,2,1,1
25210,6,3,,29,0,0,0,0,7,12,0,0,0,2,1,2
30779,7,3,,44,0,0,0,0,25,12,1,0,0,2,1,2
53201,12,2,BUSAD,45,0,0,0,0,27,16,0,0,0,2,1,3
39719,11,2,,43,0,0,0,0,24,12,0,0,0,2,1,3
43402,12,2,,41,0,0,0,0,21,12,0,0,0,2,1,3
42003,12,2,BUSAD,44,0,0,0,0,20,14,0,0,0,2,1,3
23848,6,3,,33,0,0,0,0,10,12,,1,0,2,1,2
38276,10,3,,36,0,0,0,0,17,14,1,0,0,2,1,3
39013,9,2,,52,0,0,0,0,30,14,0,0,0,2,1,3
54340,13,2,,36,0,0,0,0,16,13,0,0,1,2,1,4
23848,6,4,,25,0,0,0,0,6,14,0,0,0,2,1,2
23848,6,4,,35,0,0,0,0,8,12,0,0,0,2,1,2
18225,4,4,,23,0,0,0,1,6,12,0,0,0,2,1,1
25256,7,3,,39,0,0,0,0,3,12,1,0,0,2,1,2
27623,7,3,,33,0,0,0,0,7,12,0,0,0,2,1,2
18025,4,4,,41,0,0,0,0,5,10,0,0,1,2,1,1
23316,5,4,,42,0,0,0,1,17,12,0,0,0,2,1,2
22728,5,4,BUSAD,32,0,0,0,0,10,14,0,0,0,2,1,2
19151,4,4,,40,0,0,0,0,8,12,0,0,0,2,1,1
26541,7,3,BUSAD,43,0,0,0,0,9,16,0,0,0,2,1,2
51329,12,1,BUSAD,39,0,0,0,0,17,16,0,0,0,2,1,3
20835,5,3,BIO,28,0,0,0,0,5,16,0,0,0,2,1,2
23883,6,3,,37,0,0,0,0,10,12,0,0,0,2,1,2
20277,4,4,,44,0,0,0,0,19,12,1,0,0,2,1,1
45063,11,1,HEALT,57,0,0,0,0,31,16,0,0,0,2,1,3
32466,9,2,,44,0,0,0,0,22,15,0,0,0,2,1,3
22855,5,4,,35,0,0,0,0,7,12,0,0,0,2,1,2
21426,5,4,,47,0,0,0,0,10,13,0,0,0,2,1,2
34755,9,4,,45,0,0,0,0,21,12,0,0,0,2,1,3
33219,8,3,,59,0,0,0,0,21,12,0,0,0,2,1,2
23848,6,3,,36,0,0,0,0,5,14,0,0,0,2,1,2
47392,12,2,BUSAD,51,0,0,0,0,33,13,0,0,0,2,1,3
34375,9,2,,54,0,0,0,0,25,14,0,0,0,2,1,3
20995,4,4,,46,0,0,0,0,15,12,0,0,0,2,1,1
32466,9,2,,43,0,0,0,0,20,12,1,0,0,2,1,3
17462,4,3,,53,0,0,0,0,2,13,,1,0,2,1,1
20215,5,3,,41,0,0,0,0,6,13,0,0,0,2,1,2
18695,4,3,,28,0,0,0,0,6,12,1,0,0,2,1,1
51617,12,2,,50,0,0,0,0,29,14,0,0,0,2,1,3
22006,5,4,,53,0,0,0,0,7,14,,1,0,2,1,2
27120,7,3,BUSAD,31,0,0,0,0,7,16,0,0,0,2,1,2
23107,5,3,,38,0,0,0,0,7,13,0,0,0,2,1,2
26991,7,3,COMM,35,0,0,0,0,10,16,0,0,0,2,1,2
42504,11,2,,52,0,0,0,0,29,12,0,0,0,2,1,3
21075,6,3,BUSAD,38,0,0,0,0,2,16,1,0,0,2,1,2
28964,9,3,SOC,44,0,0,0,0,2,18,0,0,0,2,1,3
46202,12,2,BUSAD,45,0,0,0,0,7,18,0,0,0,2,1,3
29602,9,2,,42,0,0,0,0,11,13,0,0,0,2,1,3
26042,6,3,,57,0,0,0,0,28,12,0,0,0,2,1,2
19537,5,4,,27,0,0,0,0,6,13,0,0,0,2,1,2
19714,4,4,,34,0,0,0,0,11,14,0,0,0,2,1,1
27934,6,4,,70,0,0,0,0,30,12,0,0,0,2,1,2
33790,9,2,,55,0,0,0,0,26,14,,1,0,2,1,3
29201,7,3,,44,0,0,0,0,26,10,0,0,0,2,1,2
38551,11,2,,46,0,0,0,0,18,14,0,0,0,2,1,3
26045,7,4,,26,0,0,0,0,10,10,1,0,0,2,1,2
28412,7,4,,54,0,0,0,0,16,12,0,0,0,2,1,2
74054,15,2,COMPU,42,0,0,0,0,24,16,0,0,1,2,1,4
33219,8,3,,46,0,0,0,0,25,12,0,0,0,2,1,2
21395,5,4,,27,0,0,0,0,6,12,0,0,0,2,1,2
30779,7,3,,56,0,0,0,0,30,14,,1,0,2,1,2
27623,7,4,,31,0,0,0,0,11,12,0,0,0,2,1,2
30596,8,3,,36,0,0,0,0,14,12,0,0,0,2,1,2
39719,11,2,,49,0,0,0,0,29,12,0,0,0,2,1,3
,3,4,,19,0,0,0,0,2,12,1,0,0,2,1,1
49861,12,2,LIT,37,0,0,0,0,7,16,0,0,0,2,1,3
22479,6,3,,31,0,0,0,0,6,14,0,0,0,2,1,2
21965,4,3,,55,0,0,0,0,20,12,0,0,0,2,1,1
19714,4,3,,34,0,0,0,0,8,14,0,0,0,2,1,1
24980,7,3,PSYCH,35,0,0,0,0,9,16,0,0,1,2,1,2
44327,12,1,ENGR,30,0,0,0,0,5,16,0,0,0,2,1,3
34662,11,2,COMM,30,0,0,0,0,4,16,0,0,1,2,1,3
22272,5,4,,32,0,0,0,0,7,12,1,0,0,2,1,2
21193,4,4,,57,0,0,0,0,23,13,,1,0,2,1,1
22686,5,4,,40,0,0,0,0,13,13,0,0,0,2,1,2
26045,7,3,,34,0,0,0,0,6,13,0,0,0,2,1,2
25224,7,3,,31,0,0,0,0,10,12,0,0,0,2,1,2
32558,7,1,HEALT,30,0,0,0,0,6,16,0,0,0,2,1,2
34012,9,2,,48,0,0,0,0,15,14,0,0,0,2,1,3
61599,13,2,BUSAD,50,0,0,0,0,28,16,0,0,0,2,1,4
45697,12,2,BUSAD,44,0,0,0,0,5,16,0,0,0,2,1,3
21488,5,3,,31,0,0,0,0,8,13,0,0,0,2,1,2
43522,12,2,BUSAD,34,0,0,0,0,6,16,0,0,0,2,1,3
17462,4,4,,27,0,1,0,0,4,15,0,0,0,2,1,1
20796,5,3,,61,0,0,0,0,4,12,0,0,0,2,1,2
29977,6,3,,52,0,0,0,0,19,13,0,0,0,2,1,2
26595,7,3,,36,0,0,0,0,12,12,0,0,0,2,1,2
25562,6,3,,29,0,0,0,0,11,12,0,0,0,2,1,2
26595,7,3,,39,0,0,0,0,9,15,0,0,0,2,1,2
22486,6,3,,21,0,0,0,0,2,12,0,0,0,2,1,2
23678,7,2,BUSAD,26,0,0,0,0,4,16,1,0,0,2,1,2
22479,6,4,,26,1,0,0,0,3,12,0,0,0,2,1,2
17462,4,3,,29,1,0,0,0,6,14,0,0,0,2,1,1
25256,7,3,,31,1,0,0,0,3,13,0,0,0,2,1,2
30557,9,2,,31,1,0,0,0,9,12,,1,0,2,1,3
23012,4,4,,57,1,1,0,0,27,13,0,0,0,2,1,1
83644,15,1,LAW,48,1,0,0,0,19,18,1,0,1,2,1,4
38821,11,2,,34,1,0,0,0,15,12,1,0,0,2,1,3
21308,6,3,,24,1,0,0,0,4,12,1,0,0,2,1,2
21026,5,5,,46,1,1,0,0,4,12,0,0,0,2,1,2
24857,6,3,,38,1,1,0,0,21,12,0,0,0,2,1,2
45697,12,2,BUSAD,46,1,1,0,0,22,16,0,0,0,2,1,3
23181,6,5,,42,1,1,0,0,15,14,0,0,0,2,1,2
60672,13,2,BUSAD,47,1,1,0,0,26,16,0,0,1,2,1,4
41672,11,1,,45,1,0,0,0,23,12,0,0,1,2,1,3
59934,13,2,,59,1,1,0,0,7,12,0,0,1,2,1,4
39719,11,5,,43,1,1,0,0,17,13,0,0,1,2,1,3
56605,13,2,SOC,53,1,0,0,0,29,16,0,0,0,2,1,4
32466,9,2,PUBAF,56,1,1,0,0,9,16,0,0,0,2,1,3
18738,4,4,,33,1,1,1,0,10,12,0,0,0,2,1,1
38909,10,1,HEALT,35,1,0,0,0,5,16,0,0,1,2,1,3
49699,12,1,ENGR,44,1,1,0,0,13,16,0,0,0,2,1,3
31003,7,3,,38,1,1,0,0,14,10,0,0,0,2,1,2
47602,12,2,,51,1,1,0,0,23,12,1,0,0,2,1,3
22479,6,5,,53,1,1,1,1,4,13,0,0,0,2,1,2
58026,12,1,ENGR,59,1,1,1,0,29,16,0,0,0,2,1,3
36092,11,2,,44,1,1,0,0,22,15,0,0,0,2,1,3
39285,11,3,,41,1,1,0,0,14,15,0,0,0,2,1,3
16900,4,5,,22,1,0,0,0,2,12,,1,0,2,1,1
25334,6,5,,58,1,1,0,0,19,12,,1,0,2,1,2
39945,11,2,,32,1,0,0,0,11,12,0,0,0,2,1,3
70578,14,2,,47,1,1,0,0,16,12,0,0,0,2,1,4
45279,12,2,,50,1,0,0,0,9,13,0,0,0,2,1,3
31107,7,3,,63,1,1,0,1,41,13,0,0,1,2,1,2
21535,6,3,EDUC,39,1,0,0,0,2,16,1,0,0,2,1,2
35818,11,2,,40,1,1,0,0,16,12,0,0,1,2,1,3
35865,11,1,PUBAF,47,1,0,0,0,5,18,0,0,0,2,1,3
47081,12,1,SOC,49,1,1,0,0,18,16,0,0,1,2,1,3
22945,4,4,,46,1,0,0,0,25,12,0,0,0,2,1,1
40887,11,2,BUSAD,39,1,0,0,0,18,13,0,0,0,2,1,3
33549,8,3,,29,1,0,0,0,2,12,0,0,0,2,1,2
49947,13,2,,33,1,0,0,0,5,12,0,0,0,2,1,4
59022,14,1,ENGR,37,1,0,0,0,7,16,0,0,0,2,1,4
35330,9,3,,46,1,1,0,0,11,12,0,0,1,2,1,3
29602,9,2,,37,1,1,0,0,12,15,0,0,0,2,1,3
19573,3,4,,53,1,1,1,0,9,14,0,0,0,2,1,1
16900,4,5,,24,1,0,0,0,1,14,,1,0,2,1,1
23316,5,3,,40,1,1,0,0,19,12,0,0,0,2,1,2
34375,9,3,BUSAD,63,1,1,0,0,17,16,,1,0,2,1,3
18025,4,3,,36,1,0,0,0,10,13,0,0,0,2,1,1
17462,4,5,,46,1,1,0,0,1,12,0,0,0,2,1,1
37601,9,1,BUSAD,33,1,0,0,0,5,16,0,0,0,2,1,3
24843,5,3,,50,1,1,0,0,24,15,0,0,0,2,1,2
22686,5,4,,41,1,1,0,0,15,13,0,0,0,2,1,2
24576,5,4,,62,1,1,1,1,20,12,,1,0,2,1,2
22696,4,4,,45,1,1,0,0,14,12,0,0,0,2,1,1
77550,14,1,BUSAD,58,1,1,0,0,24,18,,1,1,2,1,4
31512,9,1,,30,1,0,0,0,9,14,0,0,0,2,1,3
69427,15,1,BIO,39,1,0,0,0,9,20,,1,0,2,1,4
29602,9,2,,35,1,0,0,0,12,12,0,0,0,2,1,3
25567,6,4,,31,1,0,0,0,10,14,1,0,0,2,1,2
27259,7,3,,40,0,0,0,0,7,14,0,0,0,3,1,2
25936,8,3,EDUC,49,0,0,0,0,11,14,0,0,0,3,1,2
17462,4,4,,20,0,0,0,0,3,12,0,0,0,3,1,1
30287,7,3,,52,0,1,0,0,22,12,0,0,0,3,1,2
23181,6,4,,34,0,0,0,0,5,14,0,0,0,3,1,2
40440,11,2,,43,0,0,0,0,25,12,0,0,0,3,1,3
29841,9,3,,34,0,0,0,0,15,12,1,0,0,3,1,3
22479,6,3,,37,0,0,0,0,8,12,1,0,1,3,1,2
22617,5,4,,28,0,0,0,0,4,12,1,0,0,3,1,2
22814,6,3,,26,0,0,0,0,5,12,0,0,0,3,1,2
36123,9,1,ENGR,27,0,0,0,0,2,16,1,0,0,3,1,3
44312,12,2,,42,0,1,0,0,16,13,0,0,0,3,1,3
30557,9,2,LIT,38,0,0,0,0,19,14,0,0,0,3,1,3
27805,7,3,,34,0,0,0,0,16,12,,1,0,3,1,2
32856,8,5,BIO,42,0,0,0,0,8,16,0,0,0,3,1,2
39285,11,2,,48,0,0,0,0,28,12,1,0,1,3,1,3
18907,5,1,BIO,32,0,0,0,0,1,16,1,0,0,3,1,2
22006,5,3,,41,1,1,0,0,1,14,0,0,0,3,1,2
30803,9,3,,34,1,0,0,1,7,15,1,0,1,3,1,3
34767,10,3,,35,1,0,0,0,13,12,,1,0,3,1,3
22056,5,5,,42,1,1,0,0,19,12,0,0,0,3,1,2
112171,16,2,INTER,64,1,0,0,0,29,18,0,0,1,3,1,4
55125,12,1,HEALT,73,1,0,0,1,18,18,0,0,1,3,1,3
55594,13,1,SOC,46,1,0,0,0,12,20,0,0,0,3,1,4
47081,12,2,,46,1,1,1,0,22,13,0,0,0,3,1,3
23419,7,1,,29,1,0,0,0,7,12,1,0,0,3,1,2
29662,7,2,HEALT,48,1,1,1,1,27,16,0,0,0,3,1,2
17564,3,4,,43,1,1,0,0,9,13,0,0,0,3,1,1
47460,12,2,BUSAD,44,1,1,0,0,20,16,0,0,0,3,1,3
42928,12,1,LAW,52,1,0,0,0,3,18,0,0,0,3,1,3
38129,11,3,,43,1,0,0,0,22,14,0,0,0,3,1,3
64913,14,2,,37,1,1,0,0,16,12,0,0,0,3,1,4
39340,10,2,SOC,49,1,1,1,1,22,16,0,0,0,3,1,3
32466,9,5,,29,1,0,0,0,11,12,0,0,0,3,1,3
44972,12,2,,46,1,0,0,0,9,14,0,0,0,3,1,3
33309,9,5,,32,1,0,0,0,6,12,0,0,0,3,1,3
54004,12,2,BUSAD,49,1,1,0,0,23,16,0,0,0,3,1,3
56576,12,2,LIT,50,1,1,0,0,23,18,0,0,1,3,1,3
48356,12,1,ENGR,35,1,0,0,0,7,16,0,0,0,3,1,3
17564,3,4,,34,1,0,0,0,11,12,1,0,0,3,1,1
54004,12,2,EDUC,55,1,0,0,0,29,16,0,0,1,3,1,3
32856,8,3,,30,1,0,0,0,3,14,0,0,0,3,1,2
35330,9,3,,66,1,1,0,0,19,13,0,0,0,3,1,3
56148,13,1,ENGR,31,1,0,0,0,10,16,0,0,0,3,1,4
25287,6,5,,41,1,1,0,0,15,12,0,0,0,3,1,2
28407,7,3,,35,1,0,0,0,5,12,0,0,0,3,1,2
31991,8,3,,52,1,0,0,0,28,14,0,0,0,3,1,2
32466,9,3,,43,1,1,0,0,12,12,0,0,0,3,1,3
29601,9,2,SOC,31,1,0,0,0,4,16,1,0,0,3,1,3
49401,13,2,,42,0,0,0,0,14,13,0,0,1,4,1,4
25672,5,3,,31,0,0,0,0,6,13,0,0,0,4,1,2
23316,5,4,,46,0,0,0,0,16,12,0,0,0,4,1,2
45697,12,2,,53,0,0,0,1,23,15,0,0,1,4,1,3
45383,9,1,,57,0,0,0,0,36,12,0,0,0,4,1,3
24576,5,3,,62,0,0,0,0,38,10,0,0,0,4,1,2
20166,5,4,,33,0,0,0,0,6,13,0,0,0,4,1,2
42751,11,1,PUBAF,43,0,0,0,0,16,18,0,0,0,4,1,3
24585,6,2,,53,0,0,0,0,18,15,1,0,0,4,1,2
20796,5,3,,32,0,0,0,0,10,13,0,0,0,4,1,2
43907,11,2,,48,1,1,0,1,25,15,0,0,0,4,1,3
37049,9,1,ENGR,31,1,0,0,0,5,16,1,0,0,4,1,3
31512,9,3,,45,1,1,0,0,9,12,0,0,0,4,1,3
18907,5,5,,23,1,0,0,0,2,15,1,0,0,4,1,2
45430,12,2,,43,1,1,0,0,3,12,1,0,0,4,1,3
35818,11,3,ENGR,38,1,0,0,0,11,14,0,0,0,4,1,3
23419,7,2,,31,1,0,0,0,3,12,,1,0,4,1,2
27321,7,3,,48,0,1,0,0,19,14,,1,0,5,0,2
34051,8,4,,38,0,0,0,0,3,12,0,0,0,5,0,2
31262,9,1,PSYCH,27,0,0,0,0,3,16,0,0,0,5,0,3
34662,11,1,HEALT,28,0,0,0,0,2,18,1,0,0,5,0,3
39009,11,1,BUSAD,32,0,0,0,0,9,14,0,0,0,5,0,3
34662,11,2,SOC,28,0,0,0,0,5,16,,1,0,5,0,3
45064,12,1,ENGR,28,0,0,0,0,3,16,0,0,0,5,0,3
64928,13,2,BIO,56,0,0,0,0,34,16,0,0,0,5,0,4
44802,12,2,SOC,30,0,0,0,0,8,16,0,0,0,5,0,3
21395,5,4,,28,0,0,0,0,3,12,0,0,0,5,0,2
26572,6,4,,47,0,0,0,0,22,12,0,0,0,5,0,2
23883,6,3,,42,0,0,0,0,10,12,0,0,0,5,0,2
28622,7,2,,41,0,0,0,0,15,12,0,0,0,5,0,2
20840,4,4,,36,0,0,0,0,5,13,0,0,0,5,0,1
56101,13,2,,61,0,0,0,0,28,13,,1,1,5,0,4
36313,11,2,SOC,39,0,0,0,0,6,16,0,0,0,5,0,3
21426,5,4,BUSAD,45,0,0,0,1,14,16,0,0,0,5,0,2
42928,12,2,SOC,42,0,0,0,0,12,18,1,0,0,5,0,3
29396,8,3,,35,0,0,0,0,15,12,0,0,0,5,0,2
35818,11,1,SOC,39,0,0,0,0,10,16,0,0,0,5,0,3
31753,9,3,PSYCH,41,0,0,0,0,6,16,0,0,0,5,0,3
39285,11,3,,37,0,0,0,0,16,13,0,0,1,5,0,3
27618,7,3,LANG,47,0,0,0,0,13,16,0,0,0,5,0,2
68294,14,2,,56,0,0,0,0,38,12,,1,1,5,0,4
25210,6,3,,55,0,0,0,0,13,12,1,0,1,5,0,2
76733,14,2,ARCHI,47,0,0,0,1,19,18,1,0,0,5,0,4
48466,12,1,,52,0,0,0,0,19,12,0,0,0,5,0,3
33421,9,3,BUSAD,43,0,0,0,0,21,14,,1,0,5,0,3
41596,11,2,,46,0,0,0,0,25,14,0,0,0,5,0,3
22686,5,4,,41,0,1,0,0,12,13,0,0,0,5,0,2
26691,6,3,,55,0,0,0,0,16,12,0,0,0,5,0,2
44972,12,2,,39,0,0,0,0,19,12,1,0,0,5,0,3
23739,5,4,,47,0,0,0,0,29,12,0,0,0,5,0,2
35254,10,3,,55,0,0,0,0,22,12,1,0,0,5,0,3
27227,6,4,,70,0,0,0,0,14,14,0,0,0,5,0,2
47873,12,1,MATHS,36,0,0,0,0,12,16,0,0,0,5,0,3
50541,13,1,PSYCH,33,0,0,0,0,3,20,0,0,0,5,0,4
50774,12,2,PUBAF,43,0,0,0,0,20,18,0,0,0,5,0,3
27816,7,3,,46,0,0,0,0,20,12,0,0,0,5,0,2
18907,5,3,,36,0,0,0,0,2,12,1,0,0,5,0,2
34027,9,5,,35,0,0,0,0,5,12,0,0,0,5,0,3
22006,4,4,BUSAD,43,0,1,0,0,20,13,0,0,0,5,0,1
28101,7,2,,50,0,0,0,0,19,12,0,0,0,5,0,2
25756,6,4,,33,0,0,0,0,13,12,,1,0,5,0,2
26894,5,3,HEALT,40,0,0,0,0,11,13,0,0,0,5,0,2
29662,7,4,,52,0,0,0,0,29,13,0,0,0,5,0,2
62958,14,1,BUSAD,32,0,0,0,0,10,16,1,0,1,5,0,4
41596,11,2,EDUC,47,0,0,0,0,17,16,0,0,0,5,0,3
25672,5,4,,74,0,0,0,0,23,12,,1,0,5,0,2
26227,7,3,,41,0,0,0,0,14,12,0,0,0,5,0,2
49345,12,1,,46,0,0,0,0,26,12,0,0,0,5,0,3
20166,5,4,,46,0,0,0,0,12,13,0,0,0,5,0,2
51419,12,2,,38,0,0,0,0,13,14,0,0,0,5,0,3
54941,13,2,,46,0,0,0,0,28,13,0,0,0,5,0,4
26045,7,3,,34,0,0,0,0,7,12,1,0,0,5,0,2
34755,9,2,,54,0,0,0,0,22,12,0,0,0,5,0,3
22208,4,4,,72,0,1,0,0,23,12,0,0,0,5,0,1
24585,6,5,,31,0,0,0,0,1,12,,1,0,5,0,2
23946,5,3,,61,0,0,0,1,22,12,0,0,0,5,0,2
74491,15,2,,48,0,0,0,0,20,14,0,0,1,5,0,4
17372,3,4,,55,0,0,0,1,7,12,0,0,0,5,0,1
21663,5,4,,49,0,0,0,0,9,12,0,0,0,5,0,2
51612,13,2,,48,0,0,0,0,15,13,0,0,1,5,0,4
25746,6,4,,34,0,0,0,0,16,12,0,0,0,5,0,2
28882,7,2,,40,0,0,0,0,22,12,0,0,0,5,0,2
55325,13,1,BUSAD,37,0,0,0,0,18,16,0,0,0,5,0,4
42003,12,2,BUSAD,29,0,0,0,0,5,16,0,0,0,5,0,3
54941,13,2,,52,0,0,0,0,34,12,0,0,1,5,0,4
25760,7,3,,52,0,0,0,0,14,12,0,0,1,5,0,2
59517,13,2,EDUC,43,0,0,0,0,14,16,0,0,1,5,0,4
30895,9,2,,28,0,0,0,0,9,12,0,0,0,5,0,3
46202,12,1,EDUC,33,0,0,0,0,11,16,0,0,0,5,0,3
53201,12,2,SOC,44,0,0,0,1,22,16,0,0,0,5,0,3
44802,12,1,BUSAD,50,0,0,0,0,4,18,0,0,0,5,0,3
46202,12,2,,30,0,0,0,0,11,12,1,0,0,5,0,3
17525,3,5,,26,0,0,0,0,5,12,1,0,0,5,0,1
54601,12,2,,46,0,0,0,0,28,12,0,0,0,5,0,3
30779,7,4,,47,0,0,0,0,29,12,0,0,0,5,0,2
57208,13,2,LIBSC,39,0,0,0,0,15,18,0,0,0,5,0,4
36214,11,1,HEALT,30,0,0,0,0,2,16,1,0,0,5,0,3
32825,9,2,,43,0,0,0,0,23,12,0,0,0,5,0,3
51612,13,2,SOC,36,0,0,0,0,12,16,0,0,1,5,0,4
24576,5,4,,40,0,0,0,0,21,12,1,0,0,5,0,2
47602,12,1,,32,0,0,0,0,13,12,0,0,0,5,0,3
21395,5,4,,34,0,1,1,0,2,13,0,0,0,5,0,2
61172,14,2,PUBAF,40,0,0,0,0,8,18,,1,1,5,0,4
46202,12,1,PHYSI,33,0,0,0,0,9,16,1,0,0,5,0,3
106106,16,2,BUSAD,50,0,0,0,0,25,18,0,0,1,5,0,4
64928,13,1,BUSAD,32,0,0,0,0,1,16,1,0,0,5,0,4
20761,4,4,,38,0,0,0,0,6,12,0,0,0,5,0,1
28964,9,2,LAW,27,0,0,0,0,1,18,1,0,0,5,0,3
28412,7,3,,52,0,0,0,0,15,12,0,0,0,5,0,2
30596,8,3,,52,0,0,0,0,18,12,0,0,0,5,0,2
22486,6,4,,51,0,0,0,0,2,13,0,0,0,5,0,2
45063,11,2,COMPU,44,0,0,0,0,22,14,0,0,0,5,0,3
46202,12,1,ARCHI,32,0,0,0,0,6,16,1,0,0,5,0,3
64928,13,2,LANG,47,0,0,0,1,26,16,0,0,1,5,0,4
23883,6,2,,37,0,0,0,0,10,12,0,0,0,5,0,2
37382,11,2,,40,0,0,0,0,15,12,0,0,0,5,0,3
31512,9,2,BUSAD,32,0,0,0,0,10,16,0,0,0,5,0,3
29602,9,2,PSYCH,25,0,0,0,0,3,16,,1,0,5,0,3
38551,11,2,,53,0,0,0,0,34,14,0,0,0,5,0,3
29662,7,3,,55,0,0,0,0,32,12,0,0,0,5,0,2
47873,12,1,HEALT,41,0,0,0,0,9,18,0,0,0,5,0,3
47873,12,1,,44,0,0,0,0,22,12,0,0,1,5,0,3
28078,8,3,,38,0,1,0,0,10,15,0,0,0,5,0,2
23167,6,4,,28,0,0,0,0,3,12,1,0,0,5,0,2
38551,11,2,,36,0,0,0,0,18,12,0,0,0,5,0,3
31126,8,3,,42,0,0,0,0,16,12,0,0,0,5,0,2
24199,7,3,,51,0,0,0,0,4,12,,1,0,5,0,2
64845,14,1,ENGR,39,0,0,0,0,11,16,0,0,0,5,0,4
36973,11,2,,54,0,0,0,0,17,12,0,0,0,5,0,3
66894,14,2,BUSAD,57,0,0,0,0,32,16,0,0,1,5,0,4
32050,8,3,,56,0,0,0,0,20,12,,1,0,5,0,2
29990,7,3,,47,0,0,0,0,26,12,0,0,0,5,0,2
28935,7,4,,44,0,0,0,0,15,12,0,0,0,5,0,2
60990,14,2,,37,0,0,0,0,16,12,0,0,0,5,0,4
25564,6,3,,65,0,0,0,0,19,13,,1,0,5,0,2
59934,13,1,LIBSC,46,0,0,0,0,7,18,0,0,0,5,0,4
46202,12,2,BUSAD,50,0,0,0,0,22,16,0,0,0,5,0,3
22727,6,3,,31,0,0,0,0,7,12,0,0,0,5,0,2
39357,11,2,,58,0,0,0,0,20,13,0,0,0,5,0,3
24980,7,3,,31,0,0,0,0,4,13,1,0,0,5,0,2
41596,11,2,ARTS,37,0,0,0,0,18,13,0,0,0,5,0,3
27321,7,3,,48,0,0,0,0,23,12,0,0,0,5,0,2
21832,4,4,PSYCH,79,0,1,0,0,24,14,,1,0,5,0,1
31126,8,4,,59,0,0,0,0,26,12,0,0,0,5,0,2
29602,9,2,,39,0,0,0,0,20,12,0,0,0,5,0,3
22686,5,3,,34,0,0,0,0,13,12,0,0,0,5,0,2
21965,4,4,,45,0,0,0,0,18,12,1,0,0,5,0,1
50223,12,1,BIO,41,0,0,0,0,16,16,0,0,0,5,0,3
22647,6,4,,27,0,0,0,0,3,12,0,0,0,5,0,2
48466,12,2,,60,0,0,0,0,39,12,,1,0,5,0,3
41596,11,1,,47,0,0,0,0,17,18,0,0,0,5,0,3
48828,12,2,,44,0,0,0,0,19,14,1,0,0,5,0,3
24585,6,4,SOC,31,0,0,0,0,5,16,0,0,0,5,0,2
22056,5,4,,50,0,0,0,1,15,12,0,0,0,5,0,2
27444,6,4,,53,0,0,0,0,19,12,0,0,0,5,0,2
43402,12,2,EDUC,45,0,0,0,0,4,18,0,0,0,5,0,3
25287,6,3,,28,0,0,0,0,9,12,0,0,0,5,0,2
33216,8,3,,60,0,0,0,0,35,12,0,0,0,5,0,2
,9,3,,35,0,0,0,0,17,12,0,0,0,5,0,3
39285,11,2,,47,0,0,0,0,26,12,0,0,0,5,0,3
25454,6,4,,50,0,0,0,0,17,12,1,0,0,5,0,2
23883,6,3,,43,0,0,0,0,7,12,0,0,0,5,0,2
20934,5,4,,57,0,0,0,0,5,12,0,0,0,5,0,2
60809,14,1,LAW,44,0,0,0,0,2,18,1,0,0,5,0,4
80916,15,1,LAW,40,0,0,0,0,5,18,0,0,1,5,0,4
59860,13,2,,54,0,0,0,0,36,12,,1,0,5,0,4
21306,6,3,,30,0,0,0,0,7,12,0,0,0,5,0,2
27623,7,3,BUSAD,40,0,0,0,0,5,13,0,0,0,5,0,2
26984,6,4,,50,0,0,0,0,32,12,,1,0,5,0,2
20840,4,3,,61,0,0,0,0,29,12,0,0,0,5,0,1
22660,6,3,BIO,47,0,0,0,1,16,16,0,0,0,5,0,2
24576,5,4,,51,0,0,0,0,28,12,1,0,0,5,0,2
45697,12,2,COMPU,34,0,0,0,0,12,16,0,0,0,5,0,3
23316,5,4,,46,0,0,0,0,24,12,0,0,0,5,0,2
28882,7,3,,60,0,0,0,0,18,13,0,0,0,5,0,2
20277,4,4,,52,0,0,0,0,14,12,1,0,0,5,0,1
41596,11,2,,40,0,1,0,0,17,15,0,0,0,5,0,3
38129,11,2,BUSAD,47,0,0,0,0,27,16,1,0,0,5,0,3
47217,12,1,ENGR,40,0,0,0,0,3,16,0,0,0,5,0,3
25930,7,3,,28,0,0,0,0,9,13,0,0,0,5,0,2
41999,12,1,,35,0,0,0,0,17,12,0,0,0,5,0,3
45697,12,2,,40,0,0,0,0,20,12,0,0,0,5,0,3
23825,5,4,ARCHI,38,0,0,0,1,14,16,0,0,0,5,0,2
71740,15,2,SOC,47,0,0,0,0,9,20,0,0,1,5,0,4
27805,7,3,,55,0,0,0,0,7,12,,1,0,5,0,2
35045,11,2,COMM,29,0,0,0,0,5,16,1,0,0,5,0,3
44312,12,2,,53,0,0,0,1,29,14,0,0,1,5,0,3
48466,12,2,HEALT,41,0,0,0,0,10,18,0,0,0,5,0,3
31201,8,3,,64,0,0,0,0,20,12,,1,0,5,0,2
30557,9,3,,58,0,0,0,0,3,12,0,0,0,5,0,3
24585,6,3,,45,0,0,0,0,9,12,1,0,0,5,0,2
20934,5,3,,30,0,0,0,1,7,14,0,0,0,5,0,2
45697,12,1,,58,0,0,0,0,21,12,,1,1,5,0,3
33345,9,1,MATHS,25,0,0,0,0,3,16,1,0,0,5,0,3
23946,5,4,,59,0,0,0,0,19,13,0,0,0,5,0,2
36023,11,2,,45,0,0,0,0,25,12,0,0,0,5,0,3
23316,5,4,,51,0,0,0,0,19,12,1,0,0,5,0,2
25760,7,3,,52,0,0,0,0,8,12,0,0,0,5,0,2
23839,5,4,,57,0,0,0,0,12,12,0,0,0,5,0,2
35045,11,2,,25,0,0,0,0,3,12,1,0,0,5,0,3
60573,13,1,PSYCH,64,0,0,0,0,12,20,0,0,0,5,0,4
21426,5,4,,53,0,0,0,0,7,12,0,0,0,5,0,2
43402,12,2,LIT,32,0,0,0,0,7,16,0,0,0,5,0,3
27321,7,3,,48,0,0,0,0,11,12,0,0,0,5,0,2
19151,4,4,,35,0,1,1,0,10,12,0,0,0,5,0,1
52693,13,1,ENGR,34,0,0,0,0,12,16,0,0,1,5,0,4
,9,2,,35,0,0,0,0,9,12,,1,0,5,0,3
73089,14,2,BIO,48,0,0,0,0,24,16,0,0,1,5,0,4
30166,7,3,,48,0,0,0,0,16,12,0,0,0,5,0,2
30567,9,3,,45,0,1,0,0,6,12,0,0,0,5,0,3
55262,13,2,,39,0,0,0,0,20,12,0,0,0,5,0,4
24956,5,4,,67,0,0,0,0,10,12,0,0,0,5,0,2
39951,11,2,SOC,47,0,0,0,0,5,16,1,0,0,5,0,3
58611,13,2,COMM,40,0,0,0,0,6,18,0,0,1,5,0,4
20796,5,3,,35,0,0,0,0,7,13,0,0,0,5,0,2
43712,11,2,,51,0,0,0,0,27,13,0,0,0,5,0,3
22686,5,4,EDUC,50,0,0,0,0,12,16,0,0,0,5,0,2
25989,6,3,COMPU,47,0,1,0,0,24,13,0,0,0,5,0,2
49947,13,2,ARTS,30,0,0,0,0,6,16,1,0,1,5,0,4
34375,9,1,PSYCH,63,0,1,0,0,10,16,0,0,0,5,0,3
28882,7,3,,50,0,0,0,0,31,12,0,0,1,5,0,2
51612,13,2,EDUC,44,0,0,0,0,21,16,0,0,0,5,0,4
18622,4,4,EDUC,43,0,0,0,0,6,14,0,0,0,5,0,1
19151,4,4,EDUC,43,0,0,0,0,7,16,1,0,0,5,0,1
24585,6,3,,35,0,0,0,0,13,12,0,0,1,5,0,2
32856,8,3,,45,0,0,0,0,23,12,0,0,0,5,0,2
51801,12,2,SOC,44,0,1,0,0,16,18,0,0,0,5,0,3
35330,9,3,,54,0,0,0,1,29,14,0,0,0,5,0,3
80996,15,2,SOC,48,0,0,0,0,18,16,0,0,1,5,0,4
19151,4,4,,36,0,0,0,0,9,12,0,0,0,5,0,1
42928,12,3,,55,0,0,0,0,15,12,0,0,1,5,0,3
24585,6,4,BUSAD,42,0,0,0,0,15,14,1,0,0,5,0,2
20450,5,4,,25,0,0,0,0,8,12,,1,0,5,0,2
21965,4,4,,57,0,0,0,0,16,13,0,0,0,5,0,1
20049,4,3,,29,0,0,0,0,4,13,,0,0,5,0,1
25760,7,3,EDUC,53,0,0,0,0,6,16,1,0,0,5,0,2
25760,7,3,,38,0,1,1,1,6,14,0,0,0,5,0,2
47081,12,2,,46,0,0,0,0,12,13,0,0,0,5,0,3
41596,11,1,,47,0,0,0,0,28,13,0,0,0,5,0,3
34662,11,1,BUSAD,44,0,0,0,0,21,16,0,0,0,5,0,3
28648,9,1,BUSAD,26,0,0,0,0,2,16,1,0,0,5,0,3
46065,12,2,,38,0,0,0,0,21,14,0,0,1,5,0,3
40766,11,2,,47,0,0,0,0,15,14,0,0,0,5,0,3
45697,12,1,AGRIC,48,0,0,0,0,14,18,0,0,0,5,0,3
24199,7,2,,43,0,0,0,0,2,14,0,0,0,5,0,2
44833,11,1,ENGR,31,0,0,0,0,5,14,0,0,0,5,0,3
20277,4,4,,58,0,0,0,0,20,12,0,0,0,5,0,1
19573,3,4,,57,0,0,0,1,29,12,0,0,0,5,0,1
27321,7,3,,38,0,1,0,0,15,12,0,0,0,5,0,2
22447,5,3,,32,0,0,0,0,9,12,0,0,0,5,0,2
39945,11,2,,55,0,0,0,0,23,13,0,0,1,5,0,3
43224,11,2,BUSAD,51,0,0,0,0,24,16,0,0,0,5,0,3
23308,4,4,,59,0,0,0,0,12,12,0,0,0,5,0,1
38129,11,2,,55,0,0,0,0,15,12,0,0,0,5,0,3
21599,5,4,,51,0,0,0,0,11,12,0,0,0,5,0,2
38129,11,2,AGRIC,40,0,0,0,0,16,16,0,0,0,5,0,3
26541,7,4,,37,0,0,0,0,13,14,0,0,0,5,0,2
40349,11,1,HEALT,47,0,0,0,0,4,14,0,0,0,5,0,3
20215,4,4,,47,0,0,0,0,5,13,,1,0,5,0,1
28101,7,3,,50,0,0,0,1,22,13,0,0,0,5,0,2
42591,11,1,HEALT,41,0,0,0,0,5,16,0,0,0,5,0,3
60377,13,1,BIO,40,0,0,0,0,19,16,0,0,0,5,0,4
28814,9,1,BUSAD,39,0,0,0,0,15,18,0,0,0,5,0,3
40440,11,2,,50,0,0,0,0,28,16,,1,0,5,0,3
24576,5,3,,51,0,0,0,0,18,12,0,0,0,5,0,2
26169,7,2,HEALT,43,0,0,0,0,6,14,0,0,0,5,0,2
58653,13,1,ENGR,41,0,0,0,0,13,16,0,0,0,5,0,4
24585,6,3,,46,0,0,0,0,17,12,0,0,0,5,0,2
34662,11,1,COMPU,25,0,0,0,0,3,16,0,0,0,5,0,3
34375,9,1,BUSAD,41,0,0,0,0,20,14,0,0,0,5,0,3
28101,7,3,,40,0,0,0,0,20,12,0,0,0,5,0,2
23419,7,3,BIO,43,0,0,0,0,4,16,0,0,0,5,0,2
33421,9,2,,40,0,0,0,0,21,14,0,0,1,5,0,3
33421,9,2,,42,0,0,0,0,23,12,,1,1,5,0,3
51419,12,2,,40,0,0,0,0,17,13,0,0,0,5,0,3
29641,9,3,,35,0,0,0,0,7,12,0,0,0,5,0,3
25891,6,3,,65,0,0,0,0,22,12,0,0,0,5,0,2
60990,14,2,PHYSI,36,0,0,0,0,6,16,0,0,0,5,0,4
21426,5,4,,29,0,0,0,0,10,12,0,0,0,5,0,2
58270,13,1,,54,0,0,0,0,24,12,0,0,0,5,0,4
39285,11,2,,58,0,0,0,0,29,12,,1,0,5,0,3
27614,6,3,,57,0,0,0,0,26,14,,1,0,5,0,2
47602,12,2,,52,0,0,0,0,6,15,0,0,0,5,0,3
43577,11,1,ENGR,31,0,0,0,0,4,16,1,0,0,5,0,3
47209,11,2,,53,0,0,0,0,35,14,,1,0,5,0,3
34375,9,1,AGRIC,40,0,0,0,0,15,16,0,0,0,5,0,3
23316,5,4,,48,0,0,0,0,17,12,0,0,0,5,0,2
79524,15,2,,54,0,0,0,0,35,13,,1,1,5,0,4
19573,3,4,,31,0,0,0,0,12,12,0,0,0,5,0,1
20796,5,3,,41,0,0,0,0,8,12,0,0,0,5,0,2
21426,5,4,,34,0,0,0,0,9,14,1,0,0,5,0,2
33502,9,1,ARTS,41,0,0,0,0,8,18,0,0,0,5,0,3
18031,4,4,,27,0,0,0,1,5,12,1,0,0,5,0,1
54004,12,2,,36,0,1,0,0,15,14,1,0,0,5,0,3
47943,10,1,HEALT,38,0,0,0,0,14,16,0,0,0,5,0,3
20450,5,4,,33,0,0,0,0,5,12,1,0,0,5,0,2
48992,12,2,,65,0,0,0,0,21,12,,1,0,5,0,3
33421,9,2,,58,0,0,0,0,24,12,0,0,0,5,0,3
34375,9,3,,55,0,0,0,0,19,12,,1,0,5,0,3
25287,6,3,,58,0,0,0,0,16,14,0,0,0,5,0,2
26801,7,3,,44,0,0,0,0,8,12,0,0,0,5,0,2
19151,4,4,BUSAD,39,0,1,0,0,5,14,0,0,0,5,0,1
24061,6,4,,57,0,0,0,0,14,12,0,0,0,5,0,2
49850,12,1,ENGR,44,0,0,0,0,10,18,0,0,0,5,0,3
28531,8,3,,38,0,0,0,0,8,12,0,0,1,5,0,2
38129,11,2,BIO,36,0,0,0,0,11,16,1,0,0,5,0,3
30895,9,2,,27,0,0,0,0,8,12,0,0,0,5,0,3
47081,12,2,,39,0,0,0,0,21,12,0,0,1,5,0,3
21403,4,4,,57,0,0,0,0,24,12,0,0,0,5,0,1
22056,5,4,,36,0,0,0,0,14,10,0,0,1,5,0,2
48356,12,1,INTER,45,0,0,0,0,9,16,0,0,0,5,0,3
28882,7,3,,47,0,0,0,0,26,13,0,0,0,5,0,2
36973,11,3,,49,0,0,0,0,20,12,0,0,0,5,0,3
22056,5,4,,61,0,0,0,0,15,12,0,0,0,5,0,2
20796,5,3,,40,0,0,0,0,9,12,0,0,0,5,0,2
41012,10,2,,48,0,0,0,0,28,14,0,0,0,5,0,3
23181,6,3,,46,0,0,0,0,7,12,0,0,1,5,0,2
23941,6,3,,40,0,0,0,0,6,13,0,0,0,5,0,2
23181,6,3,,30,0,0,0,0,5,13,0,0,0,5,0,2
25989,6,3,,51,0,0,0,0,28,12,0,0,0,5,0,2
20166,5,4,,31,0,0,0,0,3,12,0,0,0,5,0,2
32856,8,3,BUSAD,38,0,0,0,0,18,13,0,0,0,5,0,2
35755,10,2,,39,0,0,0,0,20,12,0,0,1,5,0,3
66894,14,1,LAW,54,0,0,0,0,3,18,0,0,0,5,0,4
22686,5,3,,40,0,0,0,0,15,12,1,0,0,5,0,2
22686,5,4,,70,0,0,0,0,14,12,0,0,0,5,0,2
16900,4,4,SOC,35,0,0,0,0,1,16,0,0,0,5,0,1
39228,11,2,,48,0,0,0,0,27,13,0,0,0,5,0,3
27934,6,3,,33,0,0,0,0,9,12,0,0,0,5,0,2
40879,11,2,PUBAF,38,0,0,0,0,10,16,0,0,0,5,0,3
49147,12,1,,57,0,0,0,1,28,14,0,0,0,5,0,3
56594,13,2,,48,0,0,0,0,15,14,0,0,0,5,0,4
22139,5,4,,38,0,0,0,0,7,12,0,0,0,5,0,2
24576,5,4,,60,0,0,0,0,23,14,,1,0,5,0,2
42181,11,2,BUSAD,61,0,0,0,0,18,14,0,0,0,5,0,3
35330,9,3,,70,0,0,0,1,26,12,,1,0,5,0,3
23181,6,3,,38,0,0,0,0,8,13,0,0,0,5,0,2
32923,8,3,,55,0,0,0,0,20,12,0,0,1,5,0,2
45063,11,1,HEALT,52,0,0,0,0,16,18,0,0,0,5,0,3
27393,6,4,,40,0,0,0,0,22,12,1,0,0,5,0,2
38221,11,1,BUSAD,28,0,0,0,0,7,16,1,0,0,5,0,3
24926,5,4,,33,0,0,0,0,14,12,1,0,0,5,0,2
19052,5,4,,24,0,0,0,0,4,12,0,0,0,5,0,2
69427,15,2,,41,0,0,0,0,15,12,0,0,1,5,0,4
28412,7,3,,51,0,0,0,0,14,12,0,0,0,5,0,2
29548,7,3,LIT,56,1,1,0,0,21,14,0,0,0,5,0,2
55250,12,1,PHYSI,49,1,1,0,0,23,16,0,0,1,5,0,3
74765,14,1,PSYCH,57,1,1,0,0,19,20,1,0,0,5,0,4
95469,15,1,HEALT,55,1,0,0,0,17,18,0,0,1,5,0,4
51235,12,1,AGRIC,61,1,0,0,1,38,16,,1,1,5,0,3
55203,13,1,PSYCH,36,1,0,0,0,6,20,0,0,0,5,0,4
62102,13,1,ENGR,37,1,0,0,0,5,20,0,0,0,5,0,4
85249,15,2,PUBAF,50,1,1,0,0,24,16,0,0,1,5,0,4
49850,12,1,BUSAD,44,1,1,0,0,16,18,0,0,0,5,0,3
25061,5,3,,33,1,0,0,0,12,12,0,0,0,5,0,2
56605,13,1,BIO,42,1,0,0,0,13,20,0,0,0,5,0,4
63399,14,1,AGRIC,47,1,1,0,0,15,18,,1,1,5,0,4
76814,14,1,BUSAD,55,1,0,0,0,32,18,0,0,1,5,0,4
46103,11,1,BUSAD,58,1,1,0,0,19,16,0,0,0,5,0,3
65619,13,2,BUSAD,62,1,1,0,0,21,18,0,0,1,5,0,4
37827,11,3,,46,1,1,0,0,5,14,0,0,1,5,0,3
116529,16,2,BUSAD,64,1,1,0,0,17,18,0,0,1,5,0,4
47013,12,1,ENGR,47,1,1,1,1,9,16,0,0,0,5,0,3
20796,5,3,,32,1,1,0,0,9,13,0,0,0,5,0,2
49002,12,2,BUSAD,50,1,0,0,0,18,16,0,0,0,5,0,3
25143,5,3,,66,1,0,0,0,13,12,0,0,0,5,0,2
59756,13,1,ENGR,41,1,0,0,0,3,16,0,0,0,5,0,4
45063,11,1,BIO,63,1,1,0,0,31,18,0,0,0,5,0,3
68111,14,1,ENGR,45,1,0,0,0,11,18,0,0,1,5,0,4
65026,14,2,EDUC,48,1,1,0,0,24,16,0,0,1,5,0,4
22447,5,4,,33,1,0,0,0,10,12,0,0,0,5,0,2
67880,14,1,AGRIC,61,1,1,0,0,26,18,,1,1,5,0,4
66894,14,1,LAW,44,1,0,0,0,11,18,0,0,0,5,0,4
73391,14,1,ENGR,49,1,0,0,0,24,16,0,0,0,5,0,4
74054,15,2,,46,1,1,0,0,18,15,0,0,0,5,0,4
30557,9,1,EDUC,62,1,1,1,0,10,18,0,0,0,5,0,3
65235,14,2,,29,1,0,0,0,7,13,0,0,0,5,0,4
22479,6,3,,54,1,0,0,0,7,13,0,0,0,5,0,2
39013,9,3,,43,1,0,0,0,19,15,0,0,0,5,0,3
41543,12,2,SOC,37,1,0,0,0,4,16,0,0,0,5,0,3
74741,14,2,,56,1,0,0,0,28,18,0,0,1,5,0,4
47081,12,2,SOC,37,1,0,0,0,7,16,0,0,0,5,0,3
38734,11,1,BUSAD,45,1,0,0,0,4,16,0,0,0,5,0,3
35327,8,3,,43,1,1,0,0,23,13,0,0,0,5,0,2
52619,12,2,PUBAF,50,1,1,0,0,18,16,0,0,0,5,0,3
54941,13,1,LIBSC,47,1,0,0,0,12,18,0,0,0,5,0,4
48304,12,2,,34,1,0,0,0,6,15,0,0,0,5,0,3
36123,9,1,HEALT,25,1,0,0,0,2,16,,1,0,5,0,3
61479,13,2,ENGR,56,1,0,0,0,18,16,0,0,1,5,0,4
20796,5,3,,29,1,0,0,0,6,12,,1,0,5,0,2
28773,7,5,,38,1,0,0,0,7,12,0,0,0,5,0,2
63263,13,1,BIO,41,1,0,0,0,17,16,0,0,1,5,0,4
68108,14,2,,30,1,0,0,0,10,12,0,0,0,5,0,4
51801,12,2,SOC,55,1,1,0,0,28,16,0,0,0,5,0,3
32466,9,2,,52,1,1,0,0,19,12,0,0,0,5,0,3
64926,14,1,ENGR,34,1,0,0,0,12,16,0,0,0,5,0,4
75532,15,2,BUSAD,41,1,0,0,0,17,18,0,0,1,5,0,4
111839,16,1,ENGR,47,1,0,0,0,25,18,0,0,1,5,0,4
57280,13,1,ENGR,44,1,0,0,0,16,16,0,0,1,5,0,4
54340,13,2,SOC,45,1,0,0,0,23,16,0,0,1,5,0,4
26045,7,3,SOC,30,1,0,0,0,7,16,0,0,0,5,0,2
83926,15,2,,37,1,1,0,0,15,12,0,0,1,5,0,4
45063,11,2,,50,1,1,0,0,27,12,,1,0,5,0,3
58026,12,1,ENGR,45,1,0,0,0,3,18,0,0,0,5,0,3
48356,12,1,ENGR,31,1,0,0,0,6,16,0,0,0,5,0,3
58270,13,1,BIO,40,1,0,0,0,3,16,0,0,0,5,0,4
75289,14,1,ENGR,52,1,0,0,0,27,18,0,0,0,5,0,4
79509,14,1,ENGR,49,1,0,0,0,29,16,0,0,1,5,0,4
56576,12,1,PHYSI,48,1,0,0,0,26,16,0,0,0,5,0,3
41156,11,3,,67,1,1,0,0,5,12,0,0,0,5,0,3
67135,14,1,ENGR,42,1,0,0,0,7,18,0,0,1,5,0,4
71352,14,1,ENGR,48,1,0,0,0,21,16,0,0,1,5,0,4
42366,11,2,COMPU,45,1,1,0,0,11,14,1,0,0,5,0,3
33315,7,5,,29,1,0,0,0,9,12,0,0,0,5,0,2
47013,12,2,PUBAF,54,1,1,0,0,13,18,0,0,0,5,0,3
75894,14,2,SOC,59,1,1,0,0,32,18,0,0,1,5,0,4
21403,4,4,,55,1,1,1,1,8,15,0,0,0,5,0,1
16900,4,4,,47,1,1,0,0,3,15,1,0,0,5,0,1
45116,12,1,BUSAD,31,1,0,0,0,10,16,0,0,0,5,0,3
43907,11,3,,64,1,1,0,0,26,12,0,0,0,5,0,3
51612,13,1,ENGR,31,1,0,0,0,5,16,1,0,0,5,0,4
68865,14,2,PUBAF,46,1,1,0,0,20,18,0,0,1,5,0,4
31512,9,3,,38,1,0,0,0,13,14,0,0,0,5,0,3
39285,11,1,AGRIC,46,1,1,0,0,20,16,0,0,0,5,0,3
52693,13,1,ENGR,30,1,0,0,0,7,16,0,0,0,5,0,4
41012,10,3,,52,1,0,0,0,32,12,0,0,0,5,0,3
49850,12,2,,48,1,1,0,0,13,12,0,0,1,5,0,3
29440,7,5,,46,1,1,0,0,24,12,0,0,1,5,0,2
19123,4,3,,33,1,0,0,0,1,13,1,0,0,5,0,1
48466,12,1,AGRIC,44,1,0,0,0,17,18,0,0,0,5,0,3
49850,12,2,SOC,48,1,1,0,0,23,16,0,0,1,5,0,3
41470,11,1,ENGR,42,1,0,0,0,7,16,0,0,0,5,0,3
72783,14,1,LAW,44,1,1,0,0,16,18,0,0,0,5,0,4
64928,13,2,PUBAF,47,1,1,0,0,17,18,0,0,1,5,0,4
47081,12,1,ENGR,39,1,0,0,0,16,16,0,0,0,5,0,3
23316,5,5,,25,1,1,0,0,1,12,1,0,0,5,0,2
90252,15,2,BUSAD,60,1,1,0,0,35,16,0,0,1,5,0,4
40440,11,2,,47,1,1,0,0,13,13,0,0,0,5,0,3
20072,4,4,,35,1,0,0,1,11,13,0,0,0,5,0,1
54941,13,1,BUSAD,45,1,0,0,0,17,16,0,0,0,5,0,4
61606,13,1,PHYSI,41,1,0,0,0,10,18,0,0,1,5,0,4
47168,12,2,,45,1,1,0,0,12,15,0,0,0,5,0,3
71816,14,1,BIO,44,1,0,0,0,11,20,1,0,1,5,0,4
82159,15,2,COMPU,46,1,0,0,0,22,16,0,0,1,5,0,4
64928,13,1,BUSAD,49,1,0,0,0,27,16,0,0,0,5,0,4
26834,7,2,BUSAD,48,1,1,1,0,3,16,0,0,0,5,0,2
26283,5,5,LAW,32,1,0,0,0,3,16,,1,0,5,0,2
41543,12,2,,33,1,0,0,0,5,12,1,0,0,5,0,3
28648,9,2,SOC,33,1,0,0,0,2,16,0,0,0,5,0,3
40349,11,1,ENGR,31,1,0,0,0,13,16,1,0,0,5,0,3
44393,11,3,,47,1,1,0,0,17,12,0,0,0,5,0,3
58270,13,2,SOC,38,1,0,0,0,15,16,0,0,0,5,0,4
50401,12,2,THEO,45,1,1,1,0,16,16,0,0,0,5,0,3
43348,12,2,,33,1,0,0,0,10,15,0,0,0,5,0,3
64926,14,2,,42,1,1,0,0,14,14,0,0,0,5,0,4
38488,9,3,,53,1,0,0,0,27,10,0,0,0,5,0,3
67983,14,2,ENGR,45,1,0,0,0,21,18,0,0,1,5,0,4
59934,13,2,SOC,51,1,0,0,0,24,16,0,0,0,5,0,4
56605,13,1,INTER,45,1,0,0,0,23,16,0,0,0,5,0,4
29662,7,3,,47,1,1,0,0,18,12,0,0,0,5,0,2
44802,12,2,,38,1,0,0,0,3,13,0,0,0,5,0,3
49850,12,2,BUSAD,38,1,1,0,0,16,16,0,0,1,5,0,3
83313,15,1,AGRIC,48,1,0,0,0,26,16,0,0,1,5,0,4
111839,16,2,SOC,48,1,1,0,0,23,16,0,0,1,5,0,4
39285,11,1,AGRIC,35,1,0,0,0,12,16,0,0,0,5,0,3
54941,13,2,,34,1,0,0,0,12,12,0,0,0,5,0,4
43402,12,2,,28,1,0,0,0,3,14,0,0,0,5,0,3
42830,11,3,,49,1,0,0,0,29,13,0,0,0,5,0,3
43706,12,2,SOC,30,1,0,0,0,6,16,0,0,0,5,0,3
27623,7,3,,36,1,0,0,0,11,12,0,0,0,5,0,2
61599,13,2,,50,1,0,0,1,24,15,0,0,0,5,0,4
49850,12,2,,47,1,0,0,0,28,12,0,0,0,5,0,3
56089,13,1,ENGR,34,1,0,0,0,11,16,0,0,0,5,0,4
111839,16,2,PHYSI,58,1,0,0,0,36,16,,1,1,5,0,4
28531,8,3,,40,1,1,0,0,18,12,1,0,0,5,0,2
38129,11,2,,33,1,0,0,0,14,12,0,0,0,5,0,3
19573,5,4,,50,1,0,0,0,9,12,0,0,0,5,0,2
56605,13,2,BUSAD,67,1,1,0,0,11,16,,1,0,5,0,4
81528,15,1,LAW,40,1,0,0,0,16,18,0,0,0,5,0,4
24576,5,3,,58,1,1,0,0,34,10,,1,0,5,0,2
57632,13,1,PUBAF,50,1,1,0,0,20,18,0,0,0,5,0,4
37651,9,2,,47,1,0,0,0,20,12,0,0,0,5,0,3
24147,6,3,,56,1,0,0,0,9,12,0,0,0,5,0,2
56605,13,2,PHYSI,54,1,0,0,0,9,16,0,0,0,5,0,4
60323,14,2,,54,1,0,0,0,4,12,0,0,1,5,0,4
38129,11,1,PHYSI,33,1,0,0,0,5,16,0,0,0,5,0,3
64928,13,2,BUSAD,47,1,0,0,0,24,16,0,0,1,5,0,4
75894,14,1,LAW,54,1,0,0,0,27,18,0,0,0,5,0,4
44197,11,2,,50,1,1,1,0,8,12,0,0,0,5,0,3
70962,14,2,,51,1,0,0,0,28,12,0,0,1,5,0,4
49850,12,1,ENGR,38,1,0,0,0,13,16,0,0,0,5,0,3
32680,9,3,,36,1,0,0,0,8,15,0,0,0,5,0,3
23354,6,5,,42,1,1,0,0,9,12,0,0,0,5,0,2
52619,12,2,PUBAF,50,1,1,0,0,24,16,0,0,0,5,0,3
59934,13,2,LIT,45,1,0,0,0,15,16,0,0,1,5,0,4
51235,12,1,ENGR,41,1,0,0,0,17,16,0,0,0,5,0,3
51042,12,1,ENGR,35,1,0,0,0,13,16,0,0,0,5,0,3
34375,9,2,,43,1,0,0,0,18,12,0,0,0,5,0,3
32083,9,1,PSYCH,32,1,0,0,0,7,16,0,0,0,5,0,3
56535,13,2,BUSAD,42,1,0,0,0,20,16,0,0,0,5,0,4
54360,12,2,BUSAD,52,1,0,0,0,28,16,0,0,0,5,0,3
54698,13,1,ENGR,34,1,0,0,0,11,16,0,0,0,5,0,4
33421,9,2,,34,1,0,0,0,11,12,0,0,0,5,0,3
48466,12,3,BUSAD,44,1,1,0,0,17,16,0,0,1,5,0,3
26085,8,3,,56,1,0,0,0,6,12,0,0,0,5,0,2
28153,7,3,,43,1,0,0,0,21,15,0,0,0,5,0,2
23419,7,1,PSYCH,35,1,1,1,0,5,16,1,0,0,5,0,2
71779,14,2,,51,1,1,0,0,31,12,0,0,1,5,0,4
49147,12,2,BUSAD,50,1,1,0,0,17,18,0,0,1,5,0,3
40349,11,1,ENGR,28,1,0,0,0,3,16,1,0,0,5,0,3
28328,7,3,,46,1,1,0,1,5,12,,1,0,5,0,2
51801,12,2,,53,1,1,0,0,28,12,0,0,0,5,0,3
39285,11,2,,57,1,0,0,0,9,13,0,0,0,5,0,3
116529,16,2,LAW,77,1,1,0,0,28,18,0,0,1,5,0,4
56605,13,2,BUSAD,38,1,1,0,0,14,16,0,0,1,5,0,4
76733,14,2,SOC,53,1,1,0,0,26,18,0,0,0,5,0,4
58184,13,1,ENGR,39,1,0,0,0,16,16,0,0,1,5,0,4
51047,13,3,MILSC,40,1,0,0,0,12,16,0,0,0,5,0,4
90252,15,2,EDUC,69,1,1,0,0,29,16,,1,1,5,0,4
60103,13,1,ENGR,64,1,1,0,0,30,16,0,0,1,5,0,4
45954,11,1,HEALT,28,1,0,0,0,3,16,0,0,0,5,0,3
23181,6,3,,32,1,0,0,0,9,12,0,0,0,5,0,2
42928,12,2,LAW,37,1,0,0,0,4,18,0,0,0,5,0,3
40440,11,2,PSYCH,51,1,1,0,0,24,16,0,0,0,5,0,3
35395,9,3,,41,1,1,0,0,21,12,0,0,0,5,0,3
42751,11,2,SOC,50,1,0,0,0,21,16,0,0,0,5,0,3
17665,3,4,,46,1,1,0,0,9,10,0,0,0,5,0,1
44604,12,1,ENGR,27,1,0,0,0,5,18,0,0,0,5,0,3
48466,12,1,ENGR,32,1,0,0,0,12,16,0,0,0,5,0,3
42751,11,3,,42,1,0,0,0,22,12,0,0,0,5,0,3
33421,9,3,,48,1,0,0,1,13,13,0,0,0,5,0,3
39285,11,2,,61,1,1,0,0,7,12,0,0,0,5,0,3
64218,13,2,,47,1,0,0,0,23,15,0,0,1,5,0,4
49850,12,1,AGRIC,48,1,0,0,0,26,16,0,0,0,5,0,3
54651,13,2,,34,1,0,0,0,13,13,0,0,0,5,0,4
56928,13,1,PHYSI,49,1,1,1,0,12,16,0,0,0,5,0,4
66881,14,2,,42,1,1,0,0,15,14,0,0,0,5,0,4
56367,13,2,SOC,42,1,0,0,0,17,16,0,0,1,5,0,4
45279,12,2,SOC,29,1,0,0,0,7,16,0,0,0,5,0,3
67173,14,2,SOC,51,1,1,0,0,23,16,0,0,1,5,0,4
46694,12,2,ARTS,43,1,0,0,0,14,16,0,0,0,5,0,3
32856,8,5,,41,1,0,0,0,10,12,0,0,0,5,0,2
,9,2,,55,1,0,0,0,31,15,0,0,0,5,0,3
85372,15,2,LIT,56,1,0,0,0,31,16,0,0,1,5,0,4
59651,14,1,ENGR,38,1,0,0,0,9,16,0,0,1,5,0,4
49850,12,2,BUSAD,63,1,1,1,1,18,18,,1,0,5,0,3
36599,11,2,SOC,37,1,1,1,0,13,16,0,0,0,5,0,3
64847,13,1,PHYSI,54,1,0,0,0,27,18,0,0,0,5,0,4
45064,12,2,SOC,29,1,0,0,0,7,16,0,0,0,5,0,3
86589,15,1,HEALT,57,1,0,0,0,7,18,0,0,1,5,0,4
54941,13,1,SOC,44,1,0,0,0,14,16,0,0,0,5,0,4
33652,10,3,,41,1,1,0,0,12,13,0,0,0,5,0,3
111817,16,2,SOC,58,1,0,0,0,35,16,,1,1,5,0,4
33421,9,2,EDUC,44,1,1,1,1,13,16,0,0,0,5,0,3
54601,12,2,PSYCH,50,1,1,0,0,24,16,0,0,1,5,0,3
25112,5,4,,56,1,1,0,0,26,13,,1,0,5,0,2
45561,11,1,BIO,50,1,0,0,0,21,18,0,0,0,5,0,3
35330,9,3,,46,1,1,0,0,22,12,0,0,0,5,0,3
59279,13,1,ENGR,60,1,0,0,0,16,18,0,0,0,5,0,4
68274,14,1,MATHS,51,1,0,0,0,27,18,0,0,0,5,0,4
68108,14,1,ENGR,60,1,0,0,0,29,16,0,0,0,5,0,4
56576,12,3,,40,1,1,0,0,15,13,1,0,0,5,0,3
45697,12,1,BUSAD,46,1,0,0,0,16,18,0,0,0,5,0,3
53201,12,2,SOC,55,1,1,0,0,26,16,,1,0,5,0,3
65910,14,2,BUSAD,47,1,1,0,0,21,16,0,0,1,5,0,4
48466,12,2,BUSAD,58,1,1,0,0,31,16,0,0,1,5,0,3
43907,11,2,,51,1,1,1,1,29,12,,1,0,5,0,3
65700,13,1,PSYCH,61,1,0,0,1,27,20,0,0,1,5,0,4
28882,7,5,,39,1,0,0,0,5,13,1,0,0,5,0,2
52619,12,2,SOC,52,1,0,0,0,23,16,1,0,0,5,0,3
60925,13,3,,54,1,0,0,0,32,12,,1,1,5,0,4
38052,9,3,,59,1,1,0,0,26,12,0,0,0,5,0,3
75539,14,1,PHYSI,51,1,0,0,0,17,18,0,0,1,5,0,4
30261,8,3,SOC,29,1,0,0,0,6,16,0,0,0,5,0,2
39827,9,1,,44,1,0,0,1,6,14,,1,0,5,0,3
57632,13,1,ENGR,45,1,1,1,1,15,16,0,0,0,5,0,4
36313,11,1,BIO,37,1,0,0,0,3,16,0,0,0,5,0,3
31512,9,2,,36,1,0,0,0,11,12,1,0,1,5,0,3
74397,14,1,ENGR,50,1,0,0,0,27,18,0,0,0,5,0,4
34928,11,2,BUSAD,54,1,1,1,0,8,18,0,0,0,5,0,3
35891,11,2,,45,1,1,0,0,16,15,1,0,0,5,0,3
25989,6,3,,49,1,1,0,0,22,14,1,0,0,5,0,2
63075,13,1,ARCHI,63,1,1,0,0,29,16,,1,0,5,0,4
45063,11,2,AGRIC,55,1,1,0,0,28,16,,1,0,5,0,3
52619,12,3,,57,1,0,0,0,34,15,0,0,0,5,0,3
45697,12,3,,56,1,0,0,0,34,12,0,0,0,5,0,3
45697,12,1,ENGR,31,1,0,0,0,7,16,0,0,0,5,0,3
32856,8,3,,67,1,1,0,0,34,12,,1,0,5,0,2
18907,5,3,,34,1,1,0,0,1,13,0,0,0,5,0,2
16687,3,4,,50,1,1,0,1,3,10,0,0,0,5,0,1
54763,12,2,,57,1,1,0,0,33,14,0,0,1,5,0,3
72386,14,1,ENGR,58,1,1,0,0,33,16,0,0,0,5,0,4
38129,11,1,BIO,35,1,0,0,0,6,18,0,0,0,5,0,3
29602,9,2,,31,1,0,0,0,2,15,1,0,0,5,0,3
41596,11,2,ENGR,52,1,0,0,0,28,14,0,0,0,5,0,3
28882,7,5,,48,1,0,0,0,27,15,0,0,1,5,0,2
64216,14,1,PHYSI,56,1,0,0,0,14,18,0,0,0,5,0,4
61393,13,1,LIT,64,1,0,0,0,7,16,0,0,1,5,0,4
90252,15,1,PUBAF,57,1,0,0,0,33,18,0,0,1,5,0,4
38129,11,3,,47,1,1,0,0,7,15,0,0,0,5,0,3
19537,5,3,,48,1,1,1,1,7,12,0,0,0,5,0,2
54763,12,1,ENGR,61,1,0,0,0,39,16,,1,0,5,0,3
60990,14,1,ENGR,45,1,0,0,0,26,18,0,0,0,5,0,4
48466,12,1,LIBSC,44,1,0,0,1,18,18,0,0,1,5,0,3
54777,13,1,PHYSI,33,1,0,0,0,4,20,0,0,0,5,0,4
56414,12,1,ENGR,55,1,0,0,0,23,16,0,0,0,5,0,3
21426,5,3,,32,1,0,0,0,9,13,,0,0,5,0,2
50252,12,1,ENGR,59,1,0,0,0,17,16,0,0,0,5,0,3
58721,13,1,BUSAD,49,1,1,0,0,19,18,0,0,1,5,0,4
39601,11,2,,36,1,0,0,0,12,12,0,0,0,5,0,3
22056,5,3,,52,1,0,0,0,13,13,0,0,0,5,0,2
39601,11,2,BUSAD,46,1,1,1,0,23,18,0,0,0,5,0,3
64218,13,1,PHYSI,65,1,1,0,0,36,16,,1,1,5,0,4
34983,10,3,BIO,37,1,0,0,0,8,16,0,0,0,5,0,3
45697,12,2,BUSAD,55,1,1,1,0,20,16,0,0,0,5,0,3
52224,12,1,BUSAD,45,1,1,0,0,18,16,0,0,0,5,0,3
90252,15,1,LAW,62,1,1,0,0,35,18,0,0,1,5,0,4
43522,12,2,THEO,38,1,0,0,0,6,16,0,0,0,5,0,3
31032,8,5,,32,1,0,0,0,4,12,0,0,0,5,0,2
54746,13,1,BIO,46,1,1,0,0,16,18,0,0,0,5,0,4
24426,5,3,,41,1,1,0,0,19,12,0,0,0,5,0,2
20796,5,3,LIT,46,1,1,0,0,3,14,,1,0,5,0,2
43577,11,1,ENGR,29,1,0,0,0,5,16,,1,0,5,0,3
49288,12,1,ENGR,40,1,1,0,0,16,16,0,0,0,5,0,3
42591,11,1,ENGR,33,1,0,0,0,8,18,1,0,0,5,0,3
60113,13,1,BIO,55,1,0,0,0,29,18,0,0,0,5,0,4
60654,13,2,ENGR,47,1,1,0,0,17,16,1,0,1,5,0,4
55906,13,1,BUSAD,45,1,1,0,0,20,16,0,0,1,5,0,4
45697,12,2,,57,1,1,0,0,7,12,0,0,0,5,0,3
34012,9,2,,49,1,1,0,0,14,13,0,0,0,5,0,3
37975,9,1,ENGR,25,1,0,0,0,5,16,1,0,0,5,0,3
19151,4,4,,43,1,0,0,1,8,12,0,0,0,5,0,1
43000,11,2,,57,1,1,1,1,20,12,,1,0,5,0,3
44327,12,1,ENGR,34,1,1,0,0,6,16,0,0,0,5,0,3
45063,11,2,SOC,53,1,0,0,0,28,16,0,0,0,5,0,3
55163,13,2,COMPU,45,1,0,0,0,11,16,0,0,1,5,0,4
54340,13,1,MATHS,46,1,0,0,0,7,20,0,0,0,5,0,4
22479,6,5,,45,1,1,0,0,5,15,0,0,0,5,0,2
60323,14,1,LAW,39,1,0,0,0,6,18,0,0,0,5,0,4
34375,9,3,,44,1,1,0,0,21,13,0,0,0,5,0,3
45670,12,1,PHYSI,31,1,0,0,0,1,16,0,0,0,5,0,3
56355,13,1,COMPU,64,1,0,0,0,9,18,0,0,0,5,0,4
31702,8,3,,46,1,1,0,1,10,12,0,0,0,5,0,2
42966,10,3,,46,1,1,1,0,24,12,0,0,0,5,0,3
39285,11,2,PUBAF,42,1,0,0,0,17,16,0,0,0,5,0,3
55986,13,2,INTER,45,1,1,1,0,21,16,0,0,0,5,0,4
54601,12,1,SOC,62,1,0,0,0,37,16,0,0,0,5,0,3
51612,13,2,INTER,31,1,0,0,0,8,16,0,0,1,5,0,4
64928,13,2,,44,1,0,0,0,18,16,0,0,0,5,0,4
24576,5,5,,33,1,0,0,0,13,12,,0,0,5,0,2
31512,9,3,,40,1,0,0,1,15,12,0,0,1,5,0,3
38129,11,2,,36,1,0,0,0,15,14,0,0,0,5,0,3
52716,12,3,,49,1,0,0,0,25,12,0,0,1,5,0,3
52977,12,2,,45,1,1,0,0,21,15,0,0,0,5,0,3
35330,7,3,SOC,44,1,0,0,0,19,18,1,0,0,5,0,2
20467,5,5,,31,1,1,0,0,9,12,1,0,0,5,0,2
35536,11,1,BUSAD,38,1,0,0,0,3,16,0,0,1,5,0,3
54004,12,2,,53,1,0,0,0,14,15,0,0,0,5,0,3
22056,5,3,,32,1,0,0,0,10,13,0,0,0,5,0,2
90139,15,1,ENGR,63,1,1,0,0,38,16,,1,1,5,0,4
47081,12,1,ARCHI,37,1,0,0,0,7,16,0,0,0,5,0,3
45063,11,2,MATHS,48,1,0,0,0,27,16,0,0,0,5,0,3
67093,14,1,ENGR,43,1,0,0,0,18,18,0,0,1,5,0,4
32466,9,2,,58,1,1,1,0,12,14,0,0,0,5,0,3
68862,14,1,BIO,49,1,1,0,0,15,20,0,0,0,5,0,4
41596,11,3,AGRIC,58,1,0,0,0,32,16,0,0,1,5,0,3
54340,13,1,LAW,47,1,1,0,0,14,20,0,0,0,5,0,4
41596,11,1,EDUC,46,1,1,0,0,24,18,0,0,0,5,0,3
48466,12,1,ENGR,37,1,0,0,0,12,16,0,0,1,5,0,3
52693,13,1,ENGR,36,1,0,0,0,5,16,0,0,1,5,0,4
54340,13,1,BIO,48,1,0,0,0,7,20,0,0,1,5,0,4
36285,9,3,,55,1,0,0,0,33,13,1,0,0,5,0,3
62572,13,1,BUSAD,50,1,1,0,0,26,16,0,0,0,5,0,4
44327,12,1,,28,1,0,0,0,8,13,0,0,0,5,0,3
60109,13,2,BUSAD,50,1,1,0,0,25,16,0,0,1,5,0,4
33421,9,2,,48,1,0,0,0,29,12,0,0,0,5,0,3
52693,13,1,ENGR,30,1,0,0,0,10,16,0,0,0,5,0,4
54004,12,2,,53,1,0,0,0,25,12,0,0,0,5,0,3
20796,5,3,,52,1,0,0,0,10,14,,1,0,5,0,2
60323,14,2,,34,1,0,0,0,14,12,0,0,1,5,0,4
71778,14,2,SOC,48,1,1,0,0,22,18,1,0,1,5,0,4
61522,13,1,BUSAD,43,1,0,0,0,20,18,0,0,0,5,0,4
38909,10,3,,62,1,1,0,0,28,14,1,0,0,5,0,3
28531,8,3,,35,1,0,0,0,11,14,0,0,0,5,0,2
15054,3,3,ARTS,37,1,1,0,0,1,16,1,0,0,5,0,1
35818,11,1,BUSAD,30,1,0,0,0,4,16,0,0,0,5,0,3
64218,13,1,ENGR,46,1,0,0,0,19,16,0,0,1,5,0,4
28531,8,3,,34,1,0,0,1,10,13,0,0,0,5,0,2
48992,12,1,ENGR,40,1,0,0,1,10,16,0,0,0,5,0,3
34662,11,2,BUSAD,37,1,0,0,0,10,18,1,0,0,5,0,3
47602,12,3,EDUC,42,1,1,1,1,15,16,0,0,0,5,0,3
84469,15,2,PUBAF,50,1,1,0,0,25,18,0,0,1,5,0,4
65235,14,2,,48,1,1,0,0,6,14,0,0,0,5,0,4
56605,13,2,ARTS,42,1,0,0,0,12,16,1,0,0,5,0,4
43402,12,2,,48,1,1,0,0,1,15,0,0,0,5,0,3
55986,13,1,BUSAD,48,1,1,0,0,21,16,0,0,0,5,0,4
62723,13,2,BUSAD,53,1,0,0,0,30,16,0,0,0,5,0,4
62946,14,2,ENGR,37,1,0,0,0,6,16,0,0,0,5,0,4
26541,7,3,,60,1,0,0,0,12,14,0,0,0,5,0,2
39380,11,2,,40,1,1,0,0,15,15,0,0,0,5,0,3
20796,5,5,,39,1,0,0,0,5,12,0,0,0,5,0,2
30862,5,1,PHYSI,34,1,0,0,0,9,16,1,0,0,5,0,2
19714,4,4,,60,1,1,0,0,7,12,0,0,0,5,0,1
43394,12,2,COMM,46,1,0,0,0,4,18,0,0,0,5,0,3
75894,14,2,EDUC,59,1,1,0,0,34,16,,1,1,5,0,4
67093,14,3,,52,1,1,0,0,20,12,0,0,1,5,0,4
49850,12,1,AGRIC,47,1,0,0,0,23,16,0,0,0,5,0,3
20277,4,3,,43,1,0,0,0,14,12,0,0,0,5,0,1
39285,11,2,,52,1,0,0,0,12,12,0,0,0,5,0,3
43907,11,3,ENGR,48,1,1,0,0,20,14,0,0,0,5,0,3
62336,13,2,BUSAD,47,1,1,0,0,23,16,0,0,1,5,0,4
58890,13,2,SOC,50,1,1,0,0,23,16,0,0,0,5,0,4
33721,8,1,BUSAD,41,1,0,0,0,3,16,0,0,0,5,0,2
44802,12,2,SOC,29,1,0,0,0,7,16,0,0,0,5,0,3
18340,5,4,,45,1,0,0,0,7,13,1,0,0,5,0,2
45697,12,2,MATHS,45,1,0,0,0,20,16,0,0,1,5,0,3
82306,15,1,PHYSI,57,1,1,0,0,31,18,,1,1,5,0,4
49699,12,1,ENGR,61,1,1,1,1,11,16,0,0,1,5,0,3
47081,12,1,HEALT,51,1,1,0,0,15,18,0,0,1,5,0,3
58456,13,1,ENGR,52,1,1,0,0,25,18,1,0,1,5,0,4
33690,9,3,PHYSI,44,1,0,0,1,16,16,0,0,0,5,0,3
75894,14,2,BUSAD,53,1,1,0,0,28,16,0,0,1,5,0,4
47013,12,2,PUBAF,45,1,1,0,0,18,16,0,0,0,5,0,3
64218,13,2,EDUC,56,1,1,0,0,30,16,0,0,1,5,0,4
47593,12,1,ENGR,36,1,0,0,0,6,18,0,0,0,5,0,3
92235,15,1,PHYSI,54,1,0,0,0,32,16,0,0,1,5,0,4
29674,9,2,,49,1,1,0,0,11,12,0,0,0,5,0,3
56102,13,3,,38,1,1,0,0,13,14,0,0,1,5,0,4
21075,6,3,,34,1,0,0,0,3,12,0,0,0,5,0,2
37858,10,1,EDUC,41,1,0,0,0,15,16,0,0,0,5,0,3
78419,14,2,BUSAD,68,1,1,0,0,25,18,0,0,1,5,0,4
67454,14,2,THEO,56,1,0,0,0,24,18,,1,1,5,0,4
19537,5,4,,23,1,0,0,0,3,12,0,0,0,5,0,2
56414,12,1,ENGR,55,1,1,0,0,25,16,0,0,0,5,0,3
21426,5,3,,39,1,0,0,0,8,12,0,0,0,5,0,2
33421,9,5,,32,1,0,0,0,7,14,0,0,0,5,0,3
43907,11,2,MATHS,57,1,1,0,0,15,16,0,0,0,5,0,3
59559,13,1,ENGR,48,1,1,0,0,22,16,0,0,1,5,0,4
66894,14,1,LAW,48,1,0,0,0,21,18,0,0,0,5,0,4
33721,8,3,EDUC,50,1,1,0,1,20,16,0,0,0,5,0,2
42751,11,2,MILSC,52,1,0,0,0,29,16,0,0,0,5,0,3
54941,13,3,,56,1,1,0,0,33,15,0,0,0,5,0,4
76733,14,2,EDUC,49,1,0,0,0,21,18,0,0,1,5,0,4
35045,11,2,,26,1,0,0,0,8,12,1,0,0,5,0,3
22727,6,4,,26,1,0,0,1,5,12,0,0,0,5,0,2
